"JavaScript","Arduino","C++","Shell","HTML","CSS"
0.5,0.14285714285714285,0.14285714285714285,0.07142857142857142,0.07142857142857142,0.07142857142857142